{
  "bias": -1.064087338895884,
  "features": [
    "ret_1",
    "ret_3",
    "ret_12",
    "range_pct",
    "body_pct",
    "upper_wick_pct",
    "lower_wick_pct",
    "atr_14_pct",
    "vol_z_20",
    "trend_20",
    "compression_20",
    "range_pos_50"
  ],
  "means": [
    8.795605602796361e-05,
    0.0002717127836125248,
    0.001249240871705681,
    0.004409800271685235,
    0.0022401627108736095,
    0.2404120093448303,
    0.2833918857647402,
    0.004265278474908597,
    0.044891014077990066,
    0.0021789245195825324,
    1.0256791698501295,
    0.6294925408339921
  ],
  "stds": [
    0.003934431754293527,
    0.006060185265375019,
    0.011792320815330036,
    0.004966598881907876,
    0.0032964184354290207,
    0.2032909895508436,
    0.21962471689661667,
    0.0022447275786496414,
    1.1126343217826085,
    0.014876514207412836,
    0.3696153002157168,
    0.23731106500029522
  ],
  "test": {
    "accuracy": 0.7392638036809815,
    "log_loss": 0.5773453339333889,
    "samples": 326
  },
  "train": {
    "accuracy": 0.7288786482334869,
    "log_loss": 0.575810834653554,
    "samples": 1302
  },
  "type": "logistic_baseline",
  "weights": [
    0.0662724061709083,
    -0.11330184406371752,
    0.1820428850886271,
    0.055255905853935715,
    0.022111093456932095,
    -0.08985809639291997,
    -0.018132548453950452,
    -0.2748746409160413,
    -0.02572372575603478,
    -0.16276980866342736,
    -0.15492537291999603,
    0.16751019769357772
  ]
}